6UeSakyzhiEt4NB3UAd6NQ,Doesn't work,Doesn't work,,0gplL1WMoJ6iYaPgMCL0gX,easy on me,works
5HCyWlXZPP0y6Gqq8TgA20,Stay justin bieber,works,,,,
6Zu3aw7FfjAF9WA0fA81Oq,Big Energy,works,,,,
4A8cWXxKfIL3lAyUDzXbCF,Super Gremlin,works,,,,
1r9xUipOqoNwggBpENDsvJ,Enemy with JID,doesn't work,,75MNhvTCCKsST3YqqUiU9r,shivers,works
6I3mqTwhRpn34SLVafSH7G,Ghost ,doesn't work,,4AE032Y0x1WPOi5CsmggnU,maple leaf rag,works
4fouWK6XVHhzl78KzQ1UjL,abcdefu,works,,,,
5aSYCqTmfXXNsQOtTqEHq1,firefly,works,,,,
0e8nrvls4Qqv5Rfa2UhqmO,that's what i want,works,,,,
6Uj1ctrBOjOas8xZXGqKk4,woman,works,,,,
,,,,,,
,,,,,,
,,,,,,
,,,,,,
,,,,,,
1Y2w5PsW2HirgZ4u6Wc37g,wake me up ,doesn't work,,,,
2H1047e0oMSj10dgp7p2VG,i've got a feeling,doesn't work,,,,